runnerId,allTimeAvg,noRaces,category,resultTime
0,16115,0,52.0,14024
2,12335,4,42.0,11509
3,19289,0,16.0,15360
7,15810,1,32.0,15423
8,15810,0,32.0,21660
9,15645,0,37.0,17951
10,15645,0,37.0,15891
15,15838,0,47.0,12154
20,15674,0,42.0,20917
24,15674,0,42.0,15895
25,16115,5,52.0,17360
26,15838,0,47.0,20803
27,15838,0,47.0,13884
31,16166,0,21.0,12759
37,15810,0,32.0,17176
39,15674,0,42.0,20691
45,15838,0,47.0,15693
47,15810,0,32.0,15501
49,15674,0,42.0,16264
50,15838,0,47.0,24831
51,15919,0,27.0,19195
54,15645,0,37.0,23653
57,15810,0,32.0,13555
62,15674,0,42.0,19353
63,15810,0,32.0,17404
67,16166,0,21.0,13942
71,15674,0,42.0,17256
74,15919,0,27.0,21265
75,15645,1,37.0,13533
78,15645,0,37.0,16110
79,16115,0,52.0,20291
80,16115,0,52.0,27510
89,15810,0,32.0,16543
90,15674,0,42.0,12882
99,15645,1,37.0,20630
110,16166,0,21.0,14736
113,15645,0,37.0,17784
115,15645,0,37.0,19913
117,15674,3,42.0,20450
124,15838,1,47.0,14871
129,15838,4,47.0,14643
138,15674,0,42.0,21384
139,16771,0,62.0,19191
140,15231,8,42.0,16381
143,16166,0,21.0,13760
144,15645,0,37.0,18560
147,16166,0,21.0,14753
148,16115,2,52.0,17874
152,16166,1,21.0,13116
154,15810,1,32.0,21650
155,15919,0,27.0,15521
166,15674,0,42.0,14532
174,15838,0,47.0,24045
175,15919,0,27.0,23328
176,16622,1,42.0,14565
182,16115,0,52.0,14905
184,15919,0,27.0,16369
185,15464,7,42.0,17713
188,16166,0,21.0,22544
193,16337,2,42.0,19333
195,16166,0,21.0,19058
204,15674,0,42.0,22041
213,15810,0,32.0,17537
215,15215,1,52.0,19869
217,15810,5,32.0,19699
221,19661,3,42.0,22886
226,15838,0,47.0,19693
230,15919,0,27.0,17315
232,16166,0,21.0,11660
235,15919,0,27.0,22415
239,15674,0,42.0,17883
245,16166,0,21.0,15879
248,15674,1,42.0,17830
250,15919,0,27.0,15134
254,15810,0,32.0,17506
256,15674,0,42.0,18590
258,13623,8,52.0,13997
261,16115,1,52.0,24033
262,15838,0,47.0,17428
265,15458,1,37.0,14515
269,15919,0,27.0,12640
270,15838,5,47.0,15450
272,15810,1,32.0,14461
274,16166,2,21.0,14666
277,16115,0,52.0,18346
278,15645,0,37.0,11888
281,15810,0,32.0,15737
283,16166,0,21.0,18052
284,15645,2,37.0,17856
287,15674,0,42.0,12651
290,16152,1,57.0,17053
291,16115,5,52.0,16807
298,15645,0,37.0,15777
299,16115,2,52.0,18790
303,16115,1,52.0,18077
306,15645,0,37.0,16603
308,15645,0,37.0,16600
309,15645,0,37.0,15170
313,15674,0,42.0,22291
314,15674,0,42.0,11495
316,15674,1,42.0,19715
318,15645,0,37.0,17252
319,12323,4,42.0,12342
320,15645,0,37.0,15292
326,15674,0,42.0,21479
330,16166,0,21.0,17187
335,15674,5,42.0,18218
337,12270,2,42.0,11959
339,15810,0,32.0,15632
341,15645,1,37.0,13744
346,15919,0,27.0,17682
353,25523,5,21.0,27519
355,15838,3,47.0,17819
356,15645,0,37.0,17465
360,15810,0,32.0,17576
362,15919,0,27.0,16476
369,15810,0,32.0,14352
373,16152,0,57.0,19301
379,17331,9,57.0,21515
380,15810,0,32.0,23626
381,15645,1,37.0,17595
382,15838,0,47.0,19577
393,15674,1,42.0,13914
394,17196,11,67.0,14402
396,15838,0,47.0,11968
397,15674,0,42.0,14943
399,15810,1,32.0,17713
400,16115,0,52.0,21157
403,15645,1,37.0,16058
406,15645,0,37.0,21613
411,15674,1,42.0,16826
412,15984,2,47.0,15151
413,15674,0,42.0,23156
414,15838,1,47.0,14355
425,16771,3,62.0,19623
435,15838,0,47.0,14380
436,16152,0,57.0,14857
439,19289,1,16.0,19499
444,15838,0,47.0,14485
448,15838,0,47.0,15013
451,13258,2,21.0,13579
454,15645,0,37.0,12913
456,15810,3,32.0,13002
457,15810,0,32.0,15031
467,15645,0,37.0,11891
469,15919,1,27.0,11719
475,16152,5,57.0,15452
478,18267,2,37.0,16838
479,15645,0,37.0,12559
485,15810,0,32.0,20486
488,15810,0,32.0,14191
490,15810,2,32.0,9925
491,15810,0,32.0,19192
493,15810,0,32.0,15416
494,15838,2,47.0,18554
508,15838,0,47.0,12262
518,16115,1,52.0,16671
520,16166,0,21.0,14750
523,16401,1,37.0,15218
524,15645,0,37.0,16452
525,15919,0,27.0,16225
534,16166,0,21.0,15569
535,15645,0,37.0,17625
536,15810,2,32.0,21349
537,16166,0,21.0,18044
538,16115,0,52.0,19259
539,15645,2,37.0,12531
540,15810,1,32.0,17758
542,15838,0,47.0,23153
544,15674,0,42.0,14337
553,16166,0,21.0,18909
556,15674,0,42.0,18026
560,15645,0,37.0,15007
567,16166,0,21.0,17217
570,16166,0,21.0,19358
573,15838,4,47.0,17942
574,15810,1,32.0,16051
575,15674,0,42.0,12578
577,14884,15,52.0,15504
578,15810,0,32.0,16514
580,16152,4,57.0,13916
584,15810,0,32.0,15585
585,16152,0,57.0,13333
587,15645,0,37.0,16223
591,16166,2,21.0,14285
598,15674,0,42.0,20676
601,15810,1,32.0,17707
602,15645,0,37.0,17092
604,15919,1,27.0,24608
607,15919,0,27.0,15956
608,16115,0,52.0,18611
612,15838,0,47.0,14958
614,16166,0,21.0,17992
616,15645,0,37.0,20639
618,15838,1,47.0,15023
623,16166,0,21.0,13316
625,15810,0,32.0,13105
627,16115,0,52.0,22248
630,15674,2,42.0,17274
633,15674,0,42.0,21582
635,18419,4,52.0,19941
638,14823,6,47.0,12869
641,15674,0,42.0,14012
644,16115,0,52.0,14913
647,15674,0,42.0,18326
656,15674,1,42.0,12845
670,16152,1,57.0,15517
673,13220,4,47.0,13316
675,15810,0,32.0,14086
678,15838,0,47.0,17412
681,15838,5,47.0,16316
682,15838,0,47.0,17283
683,15674,0,42.0,16069
685,16166,0,21.0,16390
686,15674,0,42.0,16071
688,16152,0,57.0,13521
693,15838,0,47.0,14670
695,15919,0,27.0,12564
696,15919,0,27.0,21178
698,15645,0,37.0,11644
701,15810,1,32.0,13830
702,15810,1,32.0,17116
709,15645,1,37.0,14931
715,16166,0,21.0,13990
717,16115,0,52.0,16165
719,15838,2,47.0,14909
723,16115,0,52.0,15554
728,15674,0,42.0,13835
729,15645,0,37.0,14445
730,16115,0,52.0,14158
735,15645,0,37.0,12767
740,13767,4,42.0,16081
745,15674,2,42.0,18043
746,15810,0,32.0,18679
747,15919,0,27.0,14818
754,15674,8,42.0,17793
759,15674,0,42.0,12900
760,16152,0,57.0,16413
764,15838,0,47.0,14804
766,15810,1,32.0,18366
774,16771,0,62.0,23333
778,15674,0,42.0,12032
779,16166,1,21.0,16262
780,18316,1,47.0,21799
782,15919,0,27.0,17338
785,15645,0,37.0,17562
786,15810,2,32.0,20474
789,15919,0,27.0,18465
790,16152,4,57.0,16877
795,14375,8,37.0,14810
800,15645,1,37.0,13036
802,15838,0,47.0,19747
805,13894,8,37.0,12751
807,15645,2,37.0,20616
812,15838,0,47.0,15300
816,15674,0,42.0,17445
826,15810,0,32.0,10792
827,16115,0,52.0,13745
830,15674,0,42.0,13973
831,16166,0,21.0,20189
834,16152,2,57.0,21331
836,15919,0,27.0,16582
838,15919,0,27.0,14233
839,15919,0,27.0,17316
844,16193,1,27.0,18083
853,16166,0,21.0,18616
857,15645,3,37.0,19321
859,16152,0,57.0,19448
860,16166,0,21.0,15987
866,16166,0,21.0,13133
868,15838,0,47.0,20881
871,15919,0,27.0,18579
873,15838,3,47.0,13028
877,15919,0,27.0,18066
880,15674,0,42.0,13785
881,16115,0,52.0,15505
883,15645,2,37.0,20658
887,15645,0,37.0,14366
891,15674,2,42.0,16681
895,15674,0,42.0,15714
908,16115,5,52.0,14124
913,15919,0,27.0,19274
914,15810,0,32.0,18566
915,15838,1,47.0,16998
916,15919,0,27.0,21922
923,16152,0,57.0,18084
925,15645,0,37.0,12595
929,15919,0,27.0,14699
930,15674,0,42.0,15551
934,15645,0,37.0,17418
938,15810,0,32.0,23290
940,15838,1,47.0,14597
942,16166,1,21.0,19138
943,16115,0,52.0,12470
944,15645,0,37.0,21528
945,15645,0,37.0,21092
946,16166,0,21.0,10909
948,16115,2,52.0,19875
949,16166,0,21.0,17682
951,15810,1,32.0,15691
953,15919,4,27.0,20383
957,16115,9,52.0,21813
958,15674,0,42.0,16286
959,15645,1,37.0,13841
963,15810,0,32.0,22696
964,16166,2,21.0,15734
965,15838,4,47.0,11850
968,15645,0,37.0,15561
970,16115,0,52.0,18105
978,15919,0,27.0,19004
979,15810,0,32.0,18741
980,15674,0,42.0,18545
994,15645,0,37.0,12486
995,16115,0,52.0,20091
997,15919,0,27.0,18218
1005,15838,1,47.0,18074
1008,15810,0,32.0,14129
1012,15838,0,47.0,15814
1015,16115,0,52.0,24045
1021,15645,1,37.0,17870
1023,15674,0,42.0,17376
1025,15645,1,37.0,18982
1029,15645,0,37.0,17792
1034,15645,0,37.0,17750
1039,15919,0,27.0,15271
1041,15645,6,37.0,12374
1043,16166,0,21.0,18175
1049,16067,6,42.0,14827
1051,15810,1,32.0,17630
1054,15674,2,42.0,16396
1057,16152,6,57.0,12749
1059,15810,0,32.0,16216
1061,15674,0,42.0,12144
1064,15838,0,47.0,10836
1071,15674,0,42.0,17462
1073,15919,0,27.0,20282
1074,15810,1,32.0,15891
1078,15810,1,32.0,13346
1081,15810,1,32.0,16649
1084,15919,0,27.0,16065
1086,16152,1,57.0,18760
1091,15919,1,27.0,15420
1095,15674,0,42.0,18447
1098,15919,0,27.0,13521
1100,16166,0,21.0,17785
1109,15810,0,32.0,10750
1112,11788,5,42.0,13741
1113,15674,3,42.0,16280
1114,16166,0,21.0,13160
1117,15674,0,42.0,21220
1119,15645,0,37.0,16909
1121,21479,5,37.0,22954
1124,19289,0,16.0,14177
1125,14859,8,47.0,19169
1127,15674,0,42.0,13185
1128,15919,1,27.0,14368
1131,15908,8,52.0,13134
1132,12805,6,52.0,14521
1134,16260,5,52.0,15756
1142,16115,1,52.0,14955
1148,15919,2,27.0,25658
1149,15810,0,32.0,17899
1150,16166,0,21.0,22041
1151,15810,0,32.0,12205
1153,15838,0,47.0,17523
1164,16115,0,52.0,14423
1165,15810,6,32.0,12536
1166,15810,0,32.0,13190
1171,15810,0,32.0,18639
1173,15645,0,37.0,19892
1178,19289,0,16.0,16164
1180,16771,0,62.0,20906
1185,15645,0,37.0,17542
1189,15674,1,42.0,18720
1195,15919,0,27.0,15354
1198,15919,0,27.0,13023
1200,15674,3,42.0,14416
1202,15838,3,47.0,10574
1204,15645,1,37.0,16443
1207,15645,0,37.0,12948
1211,15919,0,27.0,18639
1214,15674,5,42.0,14727
1216,16771,6,62.0,20477
1220,15674,0,42.0,14469
1222,15674,5,42.0,19521
1229,16166,1,21.0,13527
1230,15674,0,42.0,15431
1234,17196,0,67.0,20087
1235,16115,1,52.0,18627
1237,16115,1,52.0,18681
1239,12674,9,37.0,12021
1242,15919,0,27.0,12367
1246,16166,2,21.0,17464
1249,15810,0,32.0,22585
1250,15674,0,42.0,13349
1251,15645,0,37.0,21919
1252,15674,0,42.0,19381
1254,15645,0,37.0,11520
1259,13370,10,47.0,12742
1263,15838,0,47.0,13912
1264,15645,0,37.0,17674
1266,15674,1,42.0,14562
1267,15674,0,42.0,21022
1269,15674,2,42.0,17847
1272,15810,0,32.0,12716
1274,17322,1,47.0,16744
1275,17945,1,27.0,18343
1278,16115,0,52.0,20912
1279,14193,1,21.0,15184
1282,15674,1,42.0,12567
1284,15645,3,37.0,14156
1287,15645,2,37.0,18555
1290,16115,2,52.0,17037
1293,15919,2,27.0,23048
1294,15838,0,47.0,15545
1299,15674,0,42.0,12386
1301,15645,3,37.0,21976
1303,15645,0,37.0,16089
1304,16152,2,57.0,16912
1308,15919,0,27.0,14986
1309,15186,16,47.0,16168
1311,15810,0,32.0,12831
1312,15674,0,42.0,18686
1315,15674,2,42.0,13861
1316,15838,0,47.0,18306
1320,15838,0,47.0,13280
1325,16166,2,21.0,15521
1327,15810,1,32.0,20501
1335,15919,0,27.0,19006
1336,16115,0,52.0,12972
1337,15674,0,42.0,15540
1339,15645,2,37.0,14866
1340,15674,0,42.0,14397
1344,15674,0,42.0,12289
1350,15674,2,42.0,14713
1352,15674,1,42.0,17378
1354,14568,3,21.0,12552
1355,15838,1,47.0,14960
1356,15674,0,42.0,14160
1358,15645,3,37.0,11558
1366,15838,3,47.0,16165
1367,19289,1,16.0,19823
1373,16152,0,57.0,25000
1374,12790,3,52.0,12539
1378,15810,1,32.0,15527
1381,16152,0,57.0,13743
1382,15674,0,42.0,18108
1384,15919,0,27.0,13458
1387,15645,0,37.0,19799
1389,16115,0,52.0,14084
1395,16115,0,52.0,21586
1397,15674,0,42.0,18152
1399,16166,0,21.0,14984
1402,15645,0,37.0,21198
1406,15810,0,32.0,23315
1407,15838,0,47.0,21335
1408,15645,1,37.0,19250
1409,16771,0,62.0,18157
1410,15645,0,37.0,25280
1412,15810,0,32.0,16135
1415,15919,0,27.0,15359
1416,15810,0,32.0,15950
1424,15838,0,47.0,13235
1425,15674,0,42.0,15967
1428,15838,2,47.0,18740
1430,15645,1,37.0,18925
1431,15810,0,32.0,15898
1432,15838,0,47.0,13753
1435,15919,0,27.0,15254
1441,15810,1,32.0,17273
1444,16166,0,21.0,21824
1445,13213,19,57.0,13123
1450,15810,1,32.0,14465
1452,15674,0,42.0,15999
1453,15838,0,47.0,18577
1454,16115,0,52.0,13558
1455,16115,0,52.0,22318
1458,15919,0,27.0,16661
1459,15674,0,42.0,14998
1460,15645,0,37.0,14168
1463,15810,1,32.0,18571
1466,16166,0,21.0,17019
1468,19289,1,16.0,19499
1477,16166,2,21.0,17500
1478,12942,4,42.0,17646
1479,15838,0,47.0,17341
1483,15645,0,37.0,13113
1484,15919,0,27.0,24609
1487,15919,0,27.0,16820
1490,15810,4,32.0,17217
1494,16166,0,21.0,19760
1499,15674,0,42.0,13163
1502,15919,1,27.0,18952
1505,16166,0,21.0,21488
1506,15919,1,27.0,13161
1511,15919,0,27.0,18263
1516,15674,1,42.0,17627
1517,15838,0,47.0,12800
1518,15674,9,42.0,17404
1520,20640,6,37.0,19902
1521,16115,0,52.0,19069
1523,15810,6,32.0,15697
1525,15674,0,42.0,18004
1536,15810,0,32.0,14500
1537,16115,0,52.0,18731
1538,16115,0,52.0,24883
1540,15674,0,42.0,16325
1541,16166,0,21.0,16248
1544,15645,2,37.0,20627
1545,15674,1,42.0,12661
1553,16115,0,52.0,15687
1559,15838,1,47.0,20119
1561,15674,0,42.0,20465
1568,14161,3,42.0,12258
1570,16115,0,52.0,16669
1571,15919,1,27.0,17803
1573,15645,0,37.0,15273
1576,15810,0,32.0,11436
1580,16115,3,52.0,17324
1583,16166,0,21.0,13304
1589,15645,0,37.0,20967
1590,16115,5,52.0,18772
1592,16166,1,21.0,21692
1593,15645,0,37.0,12917
1596,13562,3,67.0,13784
1598,14843,13,74.5,15828
1608,15919,0,27.0,18346
1609,15919,0,27.0,19635
1611,15810,0,32.0,11795
1612,15820,5,32.0,18964
1614,15810,2,32.0,13097
1619,15645,0,37.0,16614
1622,15810,2,32.0,10207
1624,15810,0,32.0,14370
1625,15919,0,27.0,20203
1629,15674,0,42.0,20061
1632,15645,1,37.0,15051
1634,15838,1,47.0,23212
1635,15838,0,47.0,18608
1643,15810,2,32.0,23296
1645,15645,0,37.0,16021
1646,16152,4,57.0,15598
1647,19289,1,16.0,14465
1649,13689,1,52.0,14214
1651,15645,0,37.0,15185
1656,15645,0,37.0,21188
1657,16115,0,52.0,12746
1659,16152,0,57.0,16454
1660,15645,1,37.0,17192
1664,15919,0,27.0,20071
1665,15674,1,42.0,14761
1666,15674,0,42.0,13711
1668,16115,5,52.0,19774
1671,15810,0,32.0,18778
1682,16166,1,21.0,20187
1684,16152,0,57.0,19595
1687,15645,0,37.0,10389
1688,16152,0,57.0,22943
1692,15674,0,42.0,25387
1697,15645,0,37.0,14673
1700,16166,0,21.0,12262
1704,15838,3,47.0,21026
1717,15645,1,37.0,15664
1719,15919,5,27.0,9677
1723,15810,0,32.0,22956
1729,15919,0,27.0,13162
1744,15810,0,32.0,13196
1747,16115,0,52.0,15683
1751,15645,0,37.0,13908
1752,15645,0,37.0,14020
1755,15838,5,47.0,14877
1756,15810,1,32.0,22505
1759,15674,0,42.0,14946
1760,16152,0,57.0,15424
1762,16115,1,52.0,19140
1765,15810,0,32.0,21930
1770,15919,0,27.0,11368
1771,16166,0,21.0,14597
1772,15838,0,47.0,13970
1775,15838,0,47.0,13593
1779,15838,0,47.0,12516
1794,16115,0,52.0,18261
1795,16166,0,21.0,15799
1796,15919,0,27.0,18542
1798,15674,2,42.0,18910
1803,15919,0,27.0,13941
1804,15674,0,42.0,14814
1805,16115,0,52.0,24688
1806,16115,1,52.0,11765
1808,15645,0,37.0,14725
1809,15838,0,47.0,14977
1810,15674,3,42.0,15968
1813,15838,0,47.0,15503
1814,15645,0,37.0,19626
1815,15674,1,42.0,13393
1817,15838,0,47.0,14353
1818,15674,2,42.0,15755
1820,15645,0,37.0,13922
1826,15645,0,37.0,22555
1827,17196,0,67.0,20077
1835,17196,3,67.0,23133
1839,15645,0,37.0,13736
1840,16771,0,62.0,17188
1841,15645,2,37.0,12746
1843,16152,5,57.0,14537
1849,15645,1,37.0,11350
1860,15674,0,42.0,13981
1865,15919,0,27.0,18280
1866,15838,0,47.0,20738
1873,15674,1,42.0,12988
1874,18538,2,27.0,14401
1876,16771,2,62.0,22783
1877,15838,0,47.0,20300
1888,15838,0,47.0,15729
1903,15645,1,37.0,13445
1905,15810,0,32.0,20237
1909,14533,1,57.0,14904
1910,15810,0,32.0,13545
1914,15810,0,32.0,20988
1917,15838,0,47.0,18494
1919,16771,0,62.0,18995
1933,16115,0,52.0,20705
1937,15968,3,37.0,17748
1940,16657,13,42.0,16179
1942,15838,0,47.0,13095
1943,15810,0,32.0,14342
1946,19289,0,16.0,14176
1957,15810,0,32.0,17119
1960,16166,0,21.0,16569
1961,16166,0,21.0,17514
1966,15674,0,42.0,19974
1969,15919,0,27.0,14984
1971,15919,0,27.0,17388
1975,15645,1,37.0,20538
1976,15645,0,37.0,17950
1979,15838,3,47.0,20357
1981,15838,0,47.0,12628
1983,16166,5,21.0,12959
1984,16115,1,52.0,13452
1987,16115,1,52.0,18765
1988,15645,2,37.0,11853
1989,15838,0,47.0,15938
1991,17141,1,32.0,20757
1995,16115,0,52.0,14232
2000,15838,0,47.0,16794
2004,15645,2,37.0,18953
2005,13244,6,37.0,12902
2007,15810,0,32.0,24748
2013,15838,0,47.0,19631
2014,15810,0,32.0,13135
2015,17196,0,67.0,18034
2017,15919,1,27.0,19621
2018,15256,7,42.0,15946
2021,15810,0,32.0,21015
2024,15674,0,42.0,10629
2025,15810,0,32.0,19901
2029,15919,0,27.0,14305
2033,15674,0,42.0,17946
2040,15919,0,27.0,13309
2044,15919,0,27.0,18928
2051,16115,0,52.0,24822
2056,15919,0,27.0,13857
2057,14809,5,47.0,14879
2065,17196,0,67.0,19687
2073,15838,0,47.0,21564
2074,15674,0,42.0,19305
2075,15810,0,32.0,14262
2076,15674,0,42.0,15044
2079,16115,0,52.0,12817
2084,15919,0,27.0,17448
2085,16115,0,52.0,16175
2087,15810,0,32.0,20752
2093,15838,0,47.0,15593
2095,15838,0,47.0,15781
2098,16152,0,57.0,19347
2099,15810,1,32.0,21143
2101,16166,0,21.0,20677
2106,15674,0,42.0,15210
2108,15674,2,42.0,12968
2109,15674,0,42.0,15230
2110,15645,0,37.0,18047
2112,15838,0,47.0,17672
2113,15674,3,42.0,15232
2114,15838,2,47.0,19776
2116,15674,0,42.0,15714
2119,15645,0,37.0,16149
2120,15919,0,27.0,17923
2121,15919,0,27.0,14790
2123,15674,0,42.0,11813
2130,15645,3,37.0,15180
2133,15645,1,37.0,20293
2138,15674,0,42.0,16565
2139,13716,9,42.0,16049
2144,16115,3,52.0,12548
2145,15905,1,42.0,12355
2149,16115,2,52.0,20740
2153,16115,0,52.0,20156
2156,16115,0,52.0,13484
2159,15838,2,47.0,20473
2160,15492,1,27.0,13410
2162,14201,3,52.0,14231
2164,16152,0,57.0,14942
2165,15645,0,37.0,19493
2168,16166,0,21.0,18711
2170,15838,0,47.0,11215
2171,15838,1,47.0,14907
2177,15810,0,32.0,21054
2180,20804,4,47.0,19250
2185,16166,0,21.0,21159
2189,15674,0,42.0,17882
2191,16166,3,21.0,13988
2192,15674,3,42.0,14368
2195,13219,1,47.0,11841
2196,15919,0,27.0,13068
2200,15810,0,32.0,20810
2203,15810,0,32.0,15956
2204,15645,0,37.0,14345
2207,15810,6,32.0,17218
2212,16166,0,21.0,21938
2217,16771,0,62.0,15519
2233,15810,0,32.0,15103
2235,15810,0,32.0,13460
2236,16115,0,52.0,13552
2239,15919,2,27.0,13809
2248,15919,0,27.0,16589
2250,15674,0,42.0,18135
2253,15674,0,42.0,12923
2255,15674,6,42.0,15682
2259,15810,1,32.0,13656
2261,15810,0,32.0,18989
2264,15810,0,32.0,14700
2267,16152,0,57.0,26953
2269,11680,1,52.0,10762
2270,16166,1,21.0,20025
2271,15810,1,32.0,15581
2272,15645,0,37.0,19517
2278,15838,0,47.0,19630
2282,12730,1,37.0,11686
2286,15645,0,37.0,13380
2287,15810,0,32.0,23257
2289,15645,1,37.0,18838
2290,16166,0,21.0,19895
2299,16152,0,57.0,22496
2300,15838,0,47.0,12802
2303,15810,0,32.0,15169
2305,15919,0,27.0,17607
2308,16771,0,62.0,15399
2309,15674,0,42.0,22419
2310,15674,0,42.0,19230
2314,15674,3,42.0,20956
2320,15674,0,42.0,18523
2323,15674,0,42.0,17278
2327,16771,0,62.0,20314
2333,15645,0,37.0,17348
2335,15810,0,32.0,12176
2343,17094,1,42.0,14771
2346,15674,0,42.0,12616
2347,15645,0,37.0,11470
2352,16152,0,57.0,14548
2354,16771,2,62.0,11484
2355,16115,1,52.0,13575
2359,15838,0,47.0,14106
2372,16166,0,21.0,21764
2373,15674,0,42.0,20714
2376,16115,0,52.0,13768
2377,15810,1,32.0,11687
2379,15645,0,37.0,19243
2380,15645,2,37.0,16412
2384,15674,1,42.0,20744
2385,15645,0,37.0,11715
2390,15810,0,32.0,16487
2394,15838,1,47.0,16818
2395,15838,0,47.0,15360
2397,15674,0,42.0,11736
2398,15838,0,47.0,14283
2400,15838,3,47.0,13736
2403,16166,0,21.0,14496
2406,18424,0,74.5,15691
2407,15645,0,37.0,17238
2408,15810,0,32.0,19079
2409,15846,6,57.0,21329
2418,15810,1,32.0,13895
2420,15674,0,42.0,22597
2421,15674,0,42.0,16009
2422,15645,0,37.0,13601
2430,15810,0,32.0,10475
2432,15810,0,32.0,15753
2434,15645,0,37.0,25010
2438,16413,1,52.0,19280
2449,15931,2,47.0,11596
2450,15810,0,32.0,14102
2451,15919,0,27.0,14951
2452,15674,5,42.0,17027
2458,15838,0,47.0,19351
2459,15919,1,27.0,12517
2460,16115,0,52.0,13261
2462,15645,0,37.0,17557
2469,15810,0,32.0,17178
2473,15919,1,27.0,20483
2474,15674,1,42.0,18792
2479,15645,2,37.0,17217
2480,16152,0,57.0,19823
2482,15321,6,37.0,15653
2483,15810,1,32.0,13309
2484,15645,0,37.0,21488
2485,15674,0,42.0,19179
2487,16771,1,62.0,23550
2492,15645,0,37.0,15882
2493,15645,0,37.0,12418
2498,16115,2,52.0,14101
2500,9860,4,52.0,14914
2503,15919,0,27.0,14574
2508,15310,6,57.0,15506
2511,15645,4,37.0,13146
2513,16166,0,21.0,21361
2522,15810,0,32.0,20575
2523,15810,1,32.0,12501
2524,16771,0,62.0,25321
2527,13567,5,42.0,13522
2528,16166,2,21.0,16439
2531,15810,0,32.0,11281
2532,15810,0,32.0,14396
2534,15674,0,42.0,24271
2552,15838,2,47.0,12381
2553,15810,0,32.0,19187
2555,15810,0,32.0,12260
2557,15919,0,27.0,24387
2560,15645,2,37.0,16410
2562,15674,0,42.0,17079
2570,15919,0,27.0,10671
2571,16166,0,21.0,13548
2574,15838,0,47.0,15827
2591,15810,0,32.0,13810
2592,15674,5,42.0,17387
2606,15810,0,32.0,19130
2607,15838,0,47.0,14319
2609,15919,0,27.0,18031
2613,15645,1,37.0,19182
2616,13470,24,42.0,11382
2618,15838,0,47.0,16168
2621,15645,4,37.0,11560
2626,16166,0,21.0,15462
2630,15645,0,37.0,16334
2643,16152,0,57.0,17351
2651,15810,0,32.0,11545
2652,15645,0,37.0,24187
2654,15919,0,27.0,20092
2655,15645,0,37.0,19005
2658,15919,0,27.0,15231
2659,15674,1,42.0,16956
2664,16115,0,52.0,18411
2665,15838,0,47.0,14527
2667,15919,0,27.0,21468
2668,15838,1,47.0,15511
2675,15645,0,37.0,16336
2679,20492,4,37.0,21390
2685,15645,0,37.0,15547
2686,15674,0,42.0,21627
2687,15810,0,32.0,15953
2692,15838,0,47.0,17816
2699,15674,1,42.0,23057
2701,18404,1,57.0,20959
2704,15919,0,27.0,14605
2705,16115,0,52.0,16677
2708,17329,2,21.0,12779
2711,15645,0,37.0,12396
2713,15810,7,32.0,12837
2715,16166,1,21.0,15765
2723,15919,0,27.0,14244
2729,15919,0,27.0,13693
2739,15810,0,32.0,16566
2740,15645,1,37.0,17746
2743,15919,1,27.0,25527
2744,15645,1,37.0,16539
2752,15810,1,32.0,17199
2754,15838,0,47.0,20551
2761,16115,1,52.0,14421
2762,16166,0,21.0,20941
2767,15810,3,32.0,17982
2769,15838,0,47.0,15834
2770,16152,1,57.0,16553
2775,15838,0,47.0,20152
2780,21463,1,52.0,21691
2781,15645,0,37.0,19012
2785,15838,0,47.0,21687
2787,16166,0,21.0,18957
2788,16166,0,21.0,12606
2789,15919,0,27.0,14672
2790,16115,0,52.0,14264
2797,15810,0,32.0,16583
2799,15919,0,27.0,21573
2801,15838,0,47.0,16937
2806,15838,6,47.0,17339
2808,15919,3,27.0,12106
2810,17196,2,67.0,18113
2816,13511,5,37.0,12790
2821,17196,0,67.0,24967
2823,15645,0,37.0,14547
2824,15674,0,42.0,13717
2829,16152,1,57.0,20192
2830,16152,0,57.0,18073
2831,16115,13,52.0,13398
2833,15674,0,42.0,11785
2836,15674,1,42.0,14159
2837,15838,0,47.0,17091
2843,15645,0,37.0,13315
2848,15674,0,42.0,19417
2849,16115,0,52.0,21455
2851,15645,0,37.0,18440
2855,15645,0,37.0,16597
2856,15810,0,32.0,14265
2861,16771,0,62.0,11711
2872,18587,82,62.0,18945
2879,16152,0,57.0,15594
2880,15810,0,32.0,12589
2881,22521,2,37.0,23314
2884,15919,0,27.0,19862
2885,14689,5,37.0,19184
2887,16115,0,52.0,12513
2891,15919,0,27.0,16008
2893,16166,0,21.0,17639
2902,16771,7,62.0,14533
2904,15645,0,37.0,12396
2905,15810,0,32.0,12803
2908,15838,1,47.0,16814
2916,15645,2,37.0,11903
2919,15810,0,32.0,13835
2923,16166,0,21.0,15253
2926,16168,1,21.0,18586
2928,16166,1,21.0,14176
2930,15645,5,37.0,11729
2931,15919,0,27.0,16499
2933,15919,0,27.0,18913
2934,15919,0,27.0,18009
2938,15645,0,37.0,19811
2943,16152,13,57.0,15299
2945,15838,0,47.0,17160
2948,16166,0,21.0,16166
2951,12317,5,47.0,14045
2952,16115,0,52.0,12309
2959,15810,2,32.0,16398
2961,15645,0,37.0,12741
2963,16115,0,52.0,14999
2964,15838,0,47.0,19008
2967,15919,1,27.0,15223
2968,15645,0,37.0,14109
2969,15674,0,42.0,24647
2972,16115,0,52.0,12451
2974,15645,0,37.0,18391
2977,15645,0,37.0,13419
2978,15645,1,37.0,18671
2982,17196,0,67.0,21207
2987,15810,0,32.0,16934
2989,15674,2,42.0,16107
2991,15919,0,27.0,16518
2996,16166,0,21.0,18609
3003,16152,0,57.0,18876
3005,15674,3,42.0,20549
3007,15810,0,32.0,19939
3011,15645,2,37.0,17183
3012,15919,0,27.0,18543
3017,15810,0,32.0,14336
3018,15838,0,47.0,18131
3023,16166,0,21.0,14593
3026,15810,0,32.0,15609
3027,16115,0,52.0,15266
3030,11852,2,37.0,12309
3034,16115,0,52.0,19497
3035,15645,1,37.0,17125
3040,15674,0,42.0,15077
3049,15674,0,42.0,20028
3051,16166,0,21.0,13835
3053,15919,0,27.0,19184
3054,15674,0,42.0,22379
3055,15645,0,37.0,20430
3059,16115,0,52.0,20327
3062,15674,0,42.0,21237
3064,15645,0,37.0,14949
3071,15810,2,32.0,21518
3075,16166,0,21.0,15811
3078,15674,0,42.0,19273
3081,15645,0,37.0,13972
3084,15919,0,27.0,14933
3086,17251,2,52.0,18102
3090,15674,0,42.0,19000
3094,20351,4,62.0,18349
3095,15645,0,37.0,14476
3100,16115,1,52.0,19530
3101,15674,0,42.0,12592
3107,13316,11,37.0,12533
3109,16166,0,21.0,14229
3111,16152,0,57.0,14511
3118,15674,0,42.0,17597
3122,15674,0,42.0,18261
3123,16115,0,52.0,14344
3128,12735,9,37.0,11731
3134,15810,0,32.0,16826
3137,15674,0,42.0,25239
3144,15674,0,42.0,15478
3145,15674,2,42.0,20969
3148,15767,6,47.0,17496
3149,15810,0,32.0,14972
3150,15645,0,37.0,12701
3154,15838,2,47.0,19123
3157,15674,0,42.0,16037
3158,12686,3,32.0,12328
3163,16095,4,52.0,18839
3164,15919,0,27.0,16157
3166,16166,0,21.0,17386
3168,15919,2,27.0,20292
3169,16115,0,52.0,19194
3171,15810,0,32.0,18093
3180,14923,1,42.0,13118
3184,15810,0,32.0,15965
3185,15919,0,27.0,22208
3189,15810,1,32.0,12157
3192,16115,0,52.0,15385
3193,15674,0,42.0,19942
3198,15919,1,27.0,14060
3200,15838,0,47.0,19260
3201,15998,3,47.0,17709
3204,12385,1,62.0,12400
3210,15674,0,42.0,11813
3215,16115,5,52.0,12301
3216,19186,1,42.0,24310
3220,16166,1,21.0,16886
3227,15838,1,47.0,17335
3230,15919,0,27.0,12949
3233,19289,0,16.0,16943
3238,15645,0,37.0,14926
3240,15645,0,37.0,15216
3243,16166,0,21.0,15998
3249,15919,0,27.0,14373
3251,16166,0,21.0,21257
3253,15810,0,32.0,11220
3268,15810,0,32.0,19445
3270,15838,0,47.0,12556
3271,15919,0,27.0,15529
3272,15919,0,27.0,15467
3273,15645,0,37.0,16056
3277,15838,0,47.0,11719
3278,16115,0,52.0,22385
3280,16115,0,52.0,19026
3281,15919,0,27.0,13912
3285,17196,0,67.0,21444
3286,15919,0,27.0,19702
3290,15810,0,32.0,15891
3291,15810,0,32.0,15168
3294,15674,1,42.0,14854
3300,15810,0,32.0,13290
3306,15838,0,47.0,11561
3311,16115,0,52.0,14174
3337,15919,0,27.0,14297
3338,16103,2,42.0,15091
3340,15674,0,42.0,13815
3342,16152,0,57.0,22839
3345,16152,0,57.0,22117
3346,15645,1,37.0,15803
3347,15674,4,42.0,16379
3357,15674,0,42.0,23808
3358,15645,2,37.0,15765
3368,15919,0,27.0,14094
3370,15919,0,27.0,25952
3372,13068,1,52.0,15167
3373,17493,11,47.0,20326
3375,15838,1,47.0,12802
3379,16166,1,21.0,14465
3382,15674,0,42.0,17527
3385,15810,1,32.0,12560
3386,15810,0,32.0,20469
3388,16115,0,52.0,16855
3391,15645,0,37.0,19350
3392,15919,0,27.0,14840
3398,15838,10,47.0,15484
3404,15810,1,32.0,14198
3406,15838,3,47.0,14848
3407,15838,0,47.0,19966
3410,15645,0,37.0,13249
3411,15810,0,32.0,18099
3417,15674,0,42.0,14929
3418,15674,0,42.0,20056
3424,16115,0,52.0,20201
3425,15919,0,27.0,14368
3426,15810,0,32.0,12938
3428,15838,1,47.0,16898
3429,15645,1,37.0,13019
3431,15810,2,32.0,10999
3437,20354,9,37.0,17187
3438,16115,0,52.0,21824
3443,15674,0,42.0,13663
3444,15810,0,32.0,16918
3445,15838,2,47.0,16670
3449,15838,0,47.0,17011
3450,21240,1,37.0,19552
3451,15810,0,32.0,16814
3453,15919,0,27.0,16878
3454,15919,0,27.0,13550
3458,15674,0,42.0,16104
3460,15810,0,32.0,9868
3466,15838,0,47.0,18809
3468,15645,0,37.0,17176
3469,15674,1,42.0,12705
3478,16115,0,52.0,23677
3488,16771,3,62.0,18954
3489,15919,0,27.0,18792
3492,16771,1,62.0,22755
3494,16166,1,21.0,19849
3496,15919,4,27.0,10762
3501,15810,1,32.0,20541
3503,19993,14,47.0,21627
3506,21737,1,42.0,23602
3508,15838,0,47.0,17035
3510,14065,5,42.0,13953
3512,16771,0,62.0,12678
3515,15919,12,27.0,18111
3518,15810,0,32.0,11361
3521,15919,0,27.0,14384
3522,11769,1,47.0,11606
3523,15674,1,42.0,25065
3525,15838,0,47.0,13561
3537,15810,1,32.0,15527
3538,15674,0,42.0,11654
3543,16115,0,52.0,16842
3544,16166,0,21.0,13228
3545,16115,1,52.0,19026
3547,16166,0,21.0,17693
3548,15645,0,37.0,13667
3549,16166,0,21.0,16276
3551,15645,0,37.0,13586
3553,15674,0,42.0,16442
3561,15838,3,47.0,15418
3563,20025,3,42.0,19054
3566,15674,0,42.0,13763
3569,15919,0,27.0,17717
3570,15645,1,37.0,18202
3572,24380,14,67.0,18111
3574,12993,1,32.0,13727
3578,18271,1,47.0,21347
3580,15645,0,37.0,23300
3581,15838,0,47.0,22776
3582,15645,3,37.0,18254
3584,18123,1,57.0,20327
3586,17670,3,37.0,16334
3587,15838,0,47.0,20497
3601,16115,3,52.0,14653
3602,15645,0,37.0,16895
3604,15810,0,32.0,8817
3607,15645,0,37.0,15037
3614,15838,0,47.0,15395
3615,16166,0,21.0,13227
3616,16152,1,57.0,17039
3618,15645,0,37.0,13319
3622,15810,2,32.0,15676
3624,15838,0,47.0,18591
3626,16152,0,57.0,16781
3638,15674,0,42.0,14098
3639,15684,12,42.0,16155
3640,16166,0,21.0,16725
3644,15674,0,42.0,19825
3646,16771,0,62.0,22453
3647,15674,0,42.0,11576
3654,15674,1,42.0,14715
3656,13758,15,37.0,11734
3659,15810,0,32.0,18531
3660,15919,2,27.0,18065
3661,15838,0,47.0,19631
3663,16115,0,52.0,14649
3668,15645,0,37.0,12405
3669,15674,0,42.0,16526
3673,16166,2,21.0,19809
3675,15946,2,27.0,14016
3681,15838,0,47.0,13036
3685,15674,0,42.0,10866
3687,12331,1,52.0,12351
3688,15645,0,37.0,20169
3690,15645,0,37.0,15894
3693,15919,0,27.0,21330
3695,16115,0,52.0,20613
3700,16152,3,57.0,18111
3701,15674,0,42.0,22031
3708,16115,0,52.0,20518
3710,15810,0,32.0,15034
3713,19289,1,16.0,18909
3715,16115,1,52.0,19825
3717,11640,4,37.0,11595
3719,15919,2,27.0,14520
3720,15919,0,27.0,12046
3721,16166,0,21.0,15397
3722,16115,1,52.0,18734
3723,15645,0,37.0,14312
3724,15645,0,37.0,25239
3727,15838,3,47.0,16770
3730,15674,2,42.0,22031
3731,14015,11,57.0,13739
3733,15919,3,27.0,15878
3751,15810,0,32.0,13165
3752,15645,0,37.0,17595
3753,17815,1,52.0,22419
3759,16166,0,21.0,12852
3760,16115,0,52.0,15265
3762,16878,1,47.0,19475
3772,15645,0,37.0,21422
3782,16166,0,21.0,13008
3783,15674,0,42.0,14200
3786,15838,0,47.0,19823
3787,16152,0,57.0,20147
3788,15838,0,47.0,11206
3789,15838,0,47.0,20015
3791,15674,0,42.0,18354
3792,16771,0,62.0,21577
3795,15645,0,37.0,15125
3804,15810,1,32.0,12560
3809,15645,0,37.0,18809
3811,15674,6,42.0,13651
3813,16152,0,57.0,16376
3815,16152,0,57.0,20099
3816,16166,2,21.0,19170
3818,15810,1,32.0,19210
3819,15674,0,42.0,18069
3827,15674,0,42.0,15743
3828,16115,0,52.0,19456
3831,15810,0,32.0,16172
3835,16115,0,52.0,19016
3836,16115,0,52.0,15062
3837,16115,0,52.0,18486
3838,15674,0,42.0,19123
3844,16166,0,21.0,15693
3848,15645,3,37.0,14084
3849,13937,1,32.0,14549
3851,13717,4,57.0,14566
3852,16166,0,21.0,23031
3856,15645,0,37.0,14462
3857,15838,0,47.0,15473
3860,15674,2,42.0,17971
3872,15838,0,47.0,20003
3873,16115,0,52.0,20815
3874,15838,6,47.0,20132
3875,15645,0,37.0,17136
3876,16771,0,62.0,20860
3880,16115,1,52.0,15972
3886,15838,1,47.0,11630
3890,12501,6,62.0,13429
3892,15645,2,37.0,14729
3893,15674,1,42.0,14559
3896,15674,0,42.0,12353
3899,15674,6,42.0,9569
3902,15645,1,37.0,13572
3903,15645,1,37.0,16413
3907,21289,5,52.0,16889
3908,16166,0,21.0,20764
3912,15810,2,32.0,13799
3919,14242,7,37.0,13315
3928,15156,9,37.0,20743
3933,16166,0,21.0,18987
3937,15645,0,37.0,13239
3940,13655,2,37.0,13810
3945,16166,0,21.0,15421
3948,15645,0,37.0,14900
3950,15810,0,32.0,15351
3952,15919,0,27.0,12812
3953,15645,0,37.0,13071
3955,15645,0,37.0,12766
3958,16166,1,21.0,21744
3959,15674,0,42.0,15442
3962,17196,0,67.0,21448
3964,16115,7,52.0,14031
3969,16166,0,21.0,16210
3970,16152,0,57.0,17785
3974,16115,0,52.0,22899
3975,15810,2,32.0,16351
3982,15674,0,42.0,14693
3983,12905,1,42.0,12899
3984,15810,0,32.0,21454
3989,15810,0,32.0,13931
3990,15919,0,27.0,17606
3994,15674,0,42.0,14869
3995,15838,1,47.0,12711
3999,15919,0,27.0,12802
4000,15919,0,27.0,14331
4013,15838,3,47.0,19249
4018,18955,2,32.0,18560
4024,15919,0,27.0,14522
4027,15674,0,42.0,13892
4028,16115,0,52.0,14945
4035,12458,7,57.0,15407
4036,16152,1,57.0,14503
4037,16115,0,52.0,22663
4040,16115,0,52.0,21316
4042,15919,0,27.0,17803
4050,16166,1,21.0,19823
4056,15082,6,47.0,14022
4058,15645,0,37.0,15468
4061,16166,0,21.0,21862
4068,14536,4,47.0,13623
4072,15919,0,27.0,12877
4073,15674,0,42.0,13914
4074,15645,1,37.0,19771
4077,15810,1,32.0,23622
4081,15645,0,37.0,17593
4082,15645,0,37.0,18678
4083,16771,0,62.0,16563
4087,16115,0,52.0,15771
4092,16166,1,21.0,21992
4096,15674,0,42.0,19149
4103,15645,0,37.0,20496
4108,15810,0,32.0,20685
4109,15919,0,27.0,18189
4110,15645,1,37.0,15982
4112,15919,0,27.0,19035
4114,15645,0,37.0,25183
4121,15919,0,27.0,19422
4123,15847,2,42.0,13392
4125,15919,0,27.0,12599
4126,15810,0,32.0,15170
4136,17274,6,32.0,14992
4139,16166,0,21.0,16744
4143,15919,1,27.0,13809
4147,15838,12,47.0,13434
4148,15645,0,37.0,19060
4149,15919,0,27.0,10437
4154,16166,0,21.0,22370
4157,15674,1,42.0,23478
4161,15919,0,27.0,17459
4162,16115,1,52.0,20935
4167,15674,0,42.0,19465
4172,15674,0,42.0,15331
4174,17217,4,47.0,14169
4178,17462,3,42.0,18665
4179,15674,3,42.0,19644
4180,20395,4,52.0,20080
4182,16152,0,57.0,19437
4184,15674,0,42.0,16054
4186,16771,0,62.0,21472
4196,15810,2,32.0,18102
4198,16115,0,52.0,22015
4199,15674,0,42.0,19318
4202,15810,1,32.0,15683
4206,15645,0,37.0,18546
4207,15645,0,37.0,12798
4208,16166,0,21.0,21596
4217,15645,0,37.0,13262
4219,15810,1,32.0,22505
4229,15838,0,47.0,13217
4230,15810,0,32.0,16477
4231,15919,0,27.0,14103
4233,15838,1,47.0,16568
4234,15810,0,32.0,13548
4243,15674,0,42.0,19518
4247,15810,0,32.0,20736
4248,15674,0,42.0,16836
4250,15645,3,37.0,15163
4252,16152,0,57.0,17910
4256,12616,1,27.0,12756
4259,15810,0,32.0,17197
4261,17111,1,52.0,15639
4263,16115,1,52.0,15920
4266,16430,2,47.0,18720
4272,16166,0,21.0,19140
4273,16166,0,21.0,12599
4281,15838,0,47.0,16989
4284,15838,1,47.0,15485
4286,15838,0,47.0,22042
4301,15674,1,42.0,15877
4308,16892,6,47.0,15581
4310,15838,1,47.0,12813
4312,16115,4,52.0,10111
4318,15645,1,37.0,17301
4319,15674,0,42.0,17327
4320,15919,0,27.0,22051
4329,12995,4,42.0,12241
4331,15645,2,37.0,12663
4335,15919,0,27.0,23550
4338,15645,0,37.0,11358
4340,15674,0,42.0,13974
4344,13517,4,42.0,12637
4346,15674,0,42.0,14163
4347,15919,0,27.0,21945
4349,15810,0,32.0,12948
4351,15674,3,42.0,20272
4355,15838,0,47.0,17884
4356,15810,0,32.0,21309
4357,17196,0,67.0,23370
4360,15838,1,47.0,18928
4363,15919,0,27.0,14842
4364,15645,1,37.0,14381
4369,16115,1,52.0,19332
4372,16152,0,57.0,17905
4374,15810,0,32.0,18672
4377,15645,1,37.0,14056
4378,15674,0,42.0,12486
4379,15674,0,42.0,19325
4388,15674,5,42.0,18174
4391,15645,0,37.0,16483
4396,16115,1,52.0,19669
4398,15919,0,27.0,15778
4400,16166,0,21.0,11600
4402,15674,1,42.0,17088
4403,15810,5,32.0,13651
4404,15838,1,47.0,18610
4407,17196,0,67.0,18049
4409,16115,0,52.0,15694
4416,15919,0,27.0,19635
4419,16115,1,52.0,18437
4424,15674,0,42.0,18535
4427,16115,0,52.0,24089
4428,15810,0,32.0,12008
4429,15919,3,27.0,15137
4435,15645,1,37.0,15859
4436,15810,0,32.0,14820
4444,16166,0,21.0,15722
4447,16115,0,52.0,21491
4451,15645,0,37.0,16348
4457,15645,1,37.0,18100
4460,16166,1,21.0,11335
4461,15810,0,32.0,23202
4464,15645,0,37.0,15021
4475,15810,0,32.0,15669
4477,16166,1,21.0,12831
4478,15838,0,47.0,15839
4481,15838,0,47.0,16290
4482,15810,1,32.0,19079
4483,15645,2,37.0,16657
4485,15919,0,27.0,18848
4486,15674,0,42.0,13482
4488,15645,1,37.0,17089
4491,15674,1,42.0,12963
4495,16594,3,42.0,11355
4499,15919,2,27.0,15095
4500,15674,0,42.0,12079
4503,16115,1,52.0,18513
4505,15919,0,27.0,18909
4506,15919,2,27.0,18171
4510,16115,0,52.0,12210
4519,15810,0,32.0,15463
4524,15838,0,47.0,18710
4528,15674,0,42.0,11679
4530,15810,2,32.0,13511
4533,15645,0,37.0,11691
4539,15919,0,27.0,18536
4547,16771,0,62.0,15210
4549,15645,0,37.0,22205
4552,15645,0,37.0,15683
4555,15810,0,32.0,16199
4556,16166,0,21.0,18034
4558,15810,0,32.0,15271
4559,13882,4,42.0,15104
4560,13769,7,37.0,13849
4563,15645,0,37.0,13362
4567,15403,1,42.0,15069
4568,13599,13,47.0,14278
4569,16152,0,57.0,15210
4571,15919,0,27.0,18562
4580,15674,1,42.0,19191
4585,17196,0,67.0,20277
4587,16115,0,52.0,16470
4588,15645,0,37.0,19315
4596,16166,0,21.0,17328
4597,15674,1,42.0,17316
4604,16166,1,21.0,16225
4606,15919,0,27.0,12396
4611,15645,0,37.0,14275
4615,15919,0,27.0,17032
4616,15810,1,32.0,11529
4617,16115,1,52.0,14279
4621,15810,3,32.0,11222
4626,15645,0,37.0,13650
4630,11655,3,52.0,11146
4635,15810,0,32.0,13529
4636,15919,4,27.0,18632
4637,12582,2,57.0,12805
4639,16152,2,57.0,16912
4648,15674,2,42.0,16298
4649,16152,0,57.0,16606
4652,15810,0,32.0,21087
4653,15838,0,47.0,22776
4654,16115,0,52.0,14980
4658,16115,0,52.0,16295
4669,16166,0,21.0,17386
4680,15838,0,47.0,14142
4681,16115,0,52.0,20801
4682,15833,4,42.0,14803
4686,15810,2,32.0,14649
4689,15645,1,37.0,17100
4690,15838,0,47.0,15095
4691,15838,0,47.0,20308
4692,15674,0,42.0,16005
4693,15838,2,47.0,16234
4699,16166,0,21.0,12411
4701,15645,0,37.0,18742
4713,20377,2,52.0,19591
4714,16152,0,57.0,19140
4717,15919,2,27.0,18433
4722,16152,0,57.0,14361
4724,15838,0,47.0,14290
4725,16152,0,57.0,22109
4727,15810,1,32.0,19130
4730,15119,3,42.0,18651
4731,15810,2,32.0,20476
4732,15810,1,32.0,13570
4734,15304,3,52.0,15759
4738,15645,0,37.0,15202
4741,15674,0,42.0,14743
4742,15838,0,47.0,20498
4745,15919,0,27.0,19469
4749,16115,0,52.0,23979
4752,15674,0,42.0,15967
4759,15645,0,37.0,20077
4760,15674,0,42.0,13949
4763,16771,0,62.0,12669
4764,16166,0,21.0,14907
4766,15919,1,27.0,18561
4768,16152,3,57.0,16987
4771,15645,0,37.0,16165
4779,16115,0,52.0,20835
4781,15810,1,32.0,14922
4783,16166,4,21.0,12925
4786,16166,1,21.0,18838
4787,15674,1,42.0,14647
4790,15674,0,42.0,22606
4796,15810,0,32.0,13897
4797,15674,0,42.0,21317
4807,16115,0,52.0,15276
4812,15919,0,27.0,15551
4816,15645,0,37.0,19884
4819,15645,2,37.0,10610
4844,12429,9,42.0,12821
4848,15674,0,42.0,13718
4851,15645,2,37.0,13659
4852,15919,0,27.0,14213
4866,15838,0,47.0,12266
4872,15810,2,32.0,14218
4873,15674,1,42.0,17778
4878,15919,0,27.0,14847
4883,15919,0,27.0,22925
4884,16166,0,21.0,13690
4886,15645,0,37.0,18454
4887,15810,0,32.0,13829
4888,15838,0,47.0,20488
4889,15645,2,37.0,13982
4894,15645,0,37.0,12258
4895,15674,0,42.0,24520
4896,16115,1,52.0,16949
4899,15674,5,42.0,13627
4900,15674,3,42.0,19291
4901,16115,1,52.0,17846
4903,15838,0,47.0,15777
4905,15919,0,27.0,18431
4915,16115,0,52.0,15995
4922,15254,1,27.0,13400
4924,15919,3,27.0,12793
4926,15394,5,32.0,14593
4930,15674,0,42.0,18669
4931,13427,1,27.0,13090
4932,15919,0,27.0,17277
4933,15674,0,42.0,20434
4936,16166,0,21.0,17931
4938,16152,0,57.0,16549
4942,15810,0,32.0,13989
4943,15838,0,47.0,23503
4948,15674,1,42.0,20094
4954,15674,0,42.0,12903
4960,15810,0,32.0,12570
4965,11624,3,21.0,10478
4966,17021,4,37.0,19039
4971,15919,1,27.0,14058
4973,15645,7,37.0,14596
4975,15645,0,37.0,15111
4976,15838,2,47.0,14762
4981,15810,0,32.0,18215
4984,15674,1,42.0,21503
4989,16771,0,62.0,14260
4990,15919,0,27.0,11041
4991,15919,1,27.0,15690
4996,15838,1,47.0,15085
4998,16152,0,57.0,22930
5000,15645,0,37.0,15316
5004,16771,0,62.0,19706
5011,16166,1,21.0,20025
5023,15838,2,47.0,14204
5026,15919,0,27.0,17497
5027,15810,0,32.0,17964
5033,15838,2,47.0,15239
5036,16166,0,21.0,20071
5040,16152,0,57.0,16376
5042,15674,1,42.0,25336
5045,19289,0,16.0,14378
5048,15810,3,32.0,17203
5050,15838,1,47.0,17343
5053,15645,0,37.0,14703
5055,15645,1,37.0,16284
5058,15810,0,32.0,17800
5063,15645,0,37.0,14796
5064,15674,3,42.0,12757
5066,15674,0,42.0,12302
5067,15919,0,27.0,21657
5068,15810,0,32.0,22468
5075,16115,0,52.0,23636
5077,16166,0,21.0,15527
5078,16166,0,21.0,17467
5080,16166,1,21.0,24822
5085,15674,1,42.0,15776
5086,15645,0,37.0,16455
5087,15674,1,42.0,19076
5095,15810,0,32.0,15566
5103,19238,2,37.0,22461
5105,15810,0,32.0,12805
5106,15810,0,32.0,16738
5107,15838,0,47.0,14473
5108,15810,0,32.0,17894
5114,15838,0,47.0,18975
5116,18424,0,74.5,21579
5117,15810,1,32.0,11490
5118,14217,39,47.0,15356
5120,15919,0,27.0,14392
5124,15810,2,32.0,20141
5130,15645,0,37.0,12568
5131,16940,1,37.0,14702
5132,12349,8,47.0,14470
5133,15674,0,42.0,18205
5134,15810,0,32.0,19465
5135,16152,1,57.0,16782
5138,16115,0,52.0,19497
5141,15674,5,42.0,11703
5144,15919,1,27.0,18335
5146,15671,1,21.0,14558
5147,15674,0,42.0,17141
5150,15810,0,32.0,14178
5153,15645,0,37.0,19548
5156,15674,0,42.0,10510
5157,15645,0,37.0,12558
5168,15645,0,37.0,19225
5171,15674,0,42.0,24830
5172,15645,1,37.0,14589
5175,15919,0,27.0,20263
5177,15674,0,42.0,18047
5178,15674,0,42.0,12650
5179,15919,0,27.0,15528
5185,15810,0,32.0,17523
5191,15810,0,32.0,18158
5193,15645,0,37.0,18012
5199,15645,0,37.0,12319
5201,16152,2,57.0,14867
5203,15645,1,37.0,16353
5207,15838,0,47.0,12236
5210,15674,2,42.0,14176
5220,15674,1,42.0,14045
5221,15810,0,32.0,17356
5223,15645,2,37.0,20164
5224,16115,9,52.0,19687
5230,15674,0,42.0,21405
5234,15645,0,37.0,15403
5238,15645,0,37.0,14841
5243,15645,0,37.0,11518
5249,15645,0,37.0,13009
5250,15919,1,27.0,18639
5255,15674,0,42.0,12437
5256,15645,1,37.0,14252
5258,16115,0,52.0,22994
5259,16166,0,21.0,17715
5263,15674,2,42.0,19088
5267,15919,0,27.0,19037
5273,16152,0,57.0,15486
5275,15810,0,32.0,19357
5276,15838,1,47.0,17729
5277,15674,0,42.0,13893
5278,15919,0,27.0,18093
5280,15810,0,32.0,17074
5283,15838,1,47.0,19341
5288,15838,0,47.0,16775
5295,12895,9,27.0,11453
5296,15810,0,32.0,15909
5298,15674,0,42.0,19517
5301,15645,1,37.0,14321
5305,15810,1,32.0,11923
5307,15810,1,32.0,17048
5309,15645,0,37.0,10343
5311,14791,2,57.0,16608
5312,15645,0,37.0,12402
5316,15838,0,47.0,14800
5326,15674,5,42.0,16535
5328,16166,3,21.0,12707
5329,16115,0,52.0,19955
5333,15674,0,42.0,20188
5334,15919,0,27.0,12461
5335,15919,0,27.0,19499
5336,16115,0,52.0,11701
5339,15810,1,32.0,24736
5342,16166,0,21.0,18466
5345,15810,0,32.0,13952
5346,15674,0,42.0,20936
5347,20697,1,74.5,18948
5349,15838,0,47.0,15302
5353,15674,2,42.0,19436
5354,18424,0,74.5,18129
5356,15919,0,27.0,17088
5362,15838,0,47.0,16640
5365,15810,0,32.0,14087
5369,15645,0,37.0,13242
5371,15674,0,42.0,22194
5375,15674,0,42.0,16172
5376,16771,0,62.0,21004
5382,15810,0,32.0,16934
5386,19289,1,16.0,16165
5390,15674,2,42.0,13769
5393,16166,0,21.0,21628
5398,15838,0,47.0,16905
5400,15810,0,32.0,15376
5402,15645,0,37.0,19895
5406,15645,0,37.0,15261
5407,16115,0,52.0,15759
5413,15645,1,37.0,15545
5419,15645,0,37.0,16354
5421,15674,0,42.0,20973
5424,15674,0,42.0,15795
5425,15674,0,42.0,24865
5426,15838,1,47.0,12043
5428,15645,0,37.0,19318
5429,17248,3,52.0,20123
5433,15919,1,27.0,15769
5435,16166,2,21.0,13747
5436,15645,0,37.0,19544
5437,15838,0,47.0,13032
5438,16171,6,47.0,18578
5439,15645,0,37.0,13108
5445,15838,16,47.0,22999
5451,15674,0,42.0,16935
5461,16166,1,21.0,20090
5465,15919,0,27.0,18012
5470,15674,0,42.0,23302
5474,14702,3,47.0,15106
5475,16166,0,21.0,14228
5477,15919,1,27.0,15326
5478,15919,1,27.0,16005
5491,15674,0,42.0,19514
5492,16166,0,21.0,22086
5495,16115,4,52.0,16202
5501,15810,0,32.0,12932
5507,15674,0,42.0,17316
5512,15810,0,32.0,17061
5514,15919,0,27.0,12583
5519,16115,1,52.0,19160
5520,15645,0,37.0,18755
5524,15919,0,27.0,17705
5533,16166,0,21.0,19726
5535,15919,0,27.0,13515
5538,15674,0,42.0,15522
5541,15674,0,42.0,15347
5542,15838,1,47.0,13728
5544,15674,1,42.0,14510
5553,15645,0,37.0,14112
5554,15810,0,32.0,19610
5560,18121,9,42.0,15084
5565,12422,3,32.0,12150
5576,15674,0,42.0,21758
5578,15645,0,37.0,14996
5582,15674,0,42.0,21613
5583,15810,0,32.0,17643
5586,15674,0,42.0,14160
5589,16115,0,52.0,13581
5590,16166,2,21.0,14595
5592,15674,1,42.0,16472
5593,15810,0,32.0,14150
5595,15674,7,42.0,20363
5596,15645,0,37.0,16731
5597,16166,0,21.0,13221
5598,15674,3,42.0,12797
5599,13066,2,21.0,11990
5603,16771,1,62.0,15072
5604,15674,1,42.0,13740
5605,17198,7,37.0,15101
5614,15645,0,37.0,15764
5616,15919,0,27.0,15212
5617,15919,0,27.0,15473
5621,15645,0,37.0,19589
5622,15674,1,42.0,17202
5627,15838,0,47.0,16552
5628,16115,11,52.0,16898
5633,16166,1,21.0,19823
5636,15838,1,47.0,19090
5637,15645,2,37.0,16920
5639,15919,1,27.0,17302
5640,16152,0,57.0,25202
5645,16115,0,52.0,13800
5646,15645,0,37.0,14473
5648,15810,1,32.0,13763
5651,16115,1,52.0,14363
5652,16166,0,21.0,21836
5653,13926,3,42.0,15545
5654,15810,0,32.0,16121
5662,16115,1,52.0,16564
5664,15838,2,47.0,14948
5675,15674,2,42.0,16153
5677,16166,0,21.0,17682
5678,15645,0,37.0,12536
5679,15919,0,27.0,16817
5680,15645,0,37.0,21195
5687,15645,0,37.0,12060
5690,15810,2,32.0,18227
5691,16166,0,21.0,18818
5701,15645,0,37.0,18892
5703,15919,0,27.0,21462
5704,15645,0,37.0,25183
5709,13797,5,32.0,12978
5710,15919,0,27.0,20654
5713,16166,3,21.0,14220
5715,15919,0,27.0,18929
5718,16152,0,57.0,11265
5720,16166,0,21.0,14315
5721,15919,0,27.0,20475
5723,15674,0,42.0,13539
5726,15919,0,27.0,13024
5739,15810,1,32.0,14857
5741,15645,0,37.0,15675
5742,16166,0,21.0,15092
5745,15810,0,32.0,18751
5749,16115,0,52.0,20562
5751,15810,0,32.0,14226
5758,16115,0,52.0,17602
5761,16152,0,57.0,17698
5763,15838,0,47.0,16622
5764,15810,1,32.0,13577
5765,15645,0,37.0,14181
5767,15674,0,42.0,13250
5769,16152,1,57.0,16038
5772,15810,0,32.0,11732
5774,16166,0,21.0,23654
5778,16115,0,52.0,16143
5779,16771,0,62.0,24137
5781,15674,0,42.0,17258
5783,17196,2,67.0,14448
5788,16115,0,52.0,15993
5791,15919,0,27.0,12086
5792,15645,0,37.0,16234
5797,18266,10,37.0,16291
5800,16098,1,52.0,16295
5805,15645,0,37.0,22801
5807,15645,0,37.0,12802
5808,15674,2,42.0,11277
5818,16115,0,52.0,14138
5819,15838,0,47.0,14089
5820,16553,2,62.0,15508
5823,15919,0,27.0,14685
5824,15674,1,42.0,14701
5825,15645,2,37.0,13084
5832,16771,0,62.0,24779
5837,16115,7,52.0,19515
5841,16166,0,21.0,12205
5843,16166,1,21.0,19849
5845,15838,0,47.0,18668
5850,10260,7,47.0,10042
5852,15674,0,42.0,11792
5853,16771,0,62.0,18678
5858,16152,0,57.0,14281
5859,15838,0,47.0,14197
5862,15919,0,27.0,19478
5866,15674,0,42.0,19749
5869,15919,1,27.0,19027
5873,15838,0,47.0,12820
5874,16771,0,62.0,12907
5878,16115,0,52.0,25785
5879,16771,0,62.0,18192
5889,12138,2,47.0,11720
5890,15674,1,42.0,17045
5892,15674,0,42.0,12655
5895,16166,1,21.0,13241
5896,15674,0,42.0,19590
5898,15919,0,27.0,22321
5905,15674,1,42.0,12802
5906,12803,5,42.0,14386
5910,15674,3,42.0,14199
5917,15810,0,32.0,13605
5920,15810,0,32.0,14627
5928,15645,1,37.0,13765
5930,16152,0,57.0,18231
5933,16115,1,52.0,14756
5934,15674,0,42.0,12760
5944,15674,1,42.0,21700
5950,15810,0,32.0,18320
5956,15810,0,32.0,12358
5957,16115,0,52.0,19345
5958,16152,0,57.0,14682
5959,15674,0,42.0,21984
5964,16166,0,21.0,15872
5965,12910,4,52.0,13526
5968,16152,0,57.0,19365
5971,16166,0,21.0,20054
5979,16166,0,21.0,15585
5981,15810,0,32.0,14488
5985,16771,3,62.0,12886
5986,15838,0,47.0,19648
5987,15919,2,27.0,19471
5989,15919,0,27.0,19552
5990,16152,0,57.0,20138
5992,15838,0,47.0,20187
5994,18877,4,42.0,20043
5995,15838,0,47.0,15821
6002,15645,0,37.0,13741
6003,15838,1,47.0,13131
6004,11126,30,42.0,10770
6006,16771,0,62.0,13672
6007,12396,6,52.0,20449
6009,16152,0,57.0,14689
6015,15674,0,42.0,22811
6018,15810,1,32.0,13018
6024,15674,2,42.0,16459
6027,15674,9,42.0,15847
6028,15645,0,37.0,15327
6030,15674,0,42.0,20720
6036,15810,0,32.0,16522
6037,16166,0,21.0,11079
6038,15838,0,47.0,12330
6039,15919,0,27.0,19013
6041,18405,1,62.0,22728
6044,15838,2,47.0,21790
6053,15838,6,47.0,13064
6056,16115,1,52.0,22160
6057,15810,0,32.0,10722
6060,12506,24,47.0,13713
6062,17196,0,67.0,15243
6064,15965,4,37.0,17671
6066,22342,4,62.0,20137
6071,15810,3,32.0,14591
6080,15122,8,42.0,14564
6081,15645,1,37.0,17259
6083,16166,0,21.0,18097
6096,15645,1,37.0,20390
6099,15810,1,32.0,23630
6100,15645,2,37.0,13623
6104,15645,1,37.0,20949
6106,15674,0,42.0,18849
6107,16115,0,52.0,20863
6111,19289,3,16.0,18787
6112,15645,0,37.0,16090
6116,16166,0,21.0,14385
6117,15645,0,37.0,18648
6127,16115,1,52.0,17104
6129,16115,3,52.0,11862
6132,15810,0,32.0,14130
6137,15645,1,37.0,15728
6141,15919,0,27.0,14049
6142,15645,2,37.0,13845
6144,15674,0,42.0,11267
6150,15645,0,37.0,27511
6155,15674,7,42.0,15477
6157,16115,0,52.0,15070
6158,16115,0,52.0,20140
6160,15645,2,37.0,13411
6163,15674,1,42.0,11336
6169,15674,0,42.0,21544
6170,15849,10,57.0,15448
6173,16115,0,52.0,17525
6174,15645,0,37.0,14475
6176,15919,0,27.0,14622
6177,15645,1,37.0,11440
6184,15674,0,42.0,12960
6187,15674,2,42.0,15233
6188,18445,7,52.0,20551
6189,15674,2,42.0,14891
6191,15919,0,27.0,21933
6192,16115,0,52.0,19476
6199,16166,1,21.0,19703
6201,15645,0,37.0,19939
6203,16115,1,52.0,22522
6208,15645,0,37.0,23295
6217,16166,0,21.0,12376
6220,16166,0,21.0,23962
6222,15838,0,47.0,14445
6224,15645,0,37.0,20973
6225,15838,0,47.0,11183
6232,15810,0,32.0,20547
6237,15674,0,42.0,13503
6238,15674,1,42.0,12814
6239,15838,0,47.0,14412
6241,15810,0,32.0,15561
6242,15645,4,37.0,10830
6246,15810,2,32.0,16398
6250,15645,2,37.0,12789
6257,15810,0,32.0,15402
6258,15919,1,27.0,17401
6261,15810,0,32.0,15259
6263,16152,0,57.0,14116
6268,16166,0,21.0,20416
6269,14419,2,52.0,15582
6273,15674,0,42.0,21286
6274,15810,0,32.0,17385
6277,15810,0,32.0,13223
6279,16115,3,52.0,14325
6296,15919,0,27.0,17574
6297,15838,0,47.0,14082
6300,15810,0,32.0,12590
6302,16771,4,62.0,19839
6303,15674,0,42.0,21425
6304,15674,1,42.0,15140
6305,15674,0,42.0,23105
6307,17196,1,67.0,15860
6312,15810,0,32.0,12925
6313,15919,0,27.0,18960
6314,15919,0,27.0,14783
6316,16115,0,52.0,18173
6317,15838,0,47.0,19091
6319,15810,0,32.0,20313
6320,15674,0,42.0,12981
6321,15674,0,42.0,10617
6323,15919,0,27.0,16851
6325,15674,0,42.0,18275
6329,16771,0,62.0,25000
6332,17559,1,42.0,17548
6338,15645,0,37.0,11119
6343,16152,0,57.0,15834
6345,15810,1,32.0,22607
6346,15810,0,32.0,13887
6347,15838,0,47.0,21901
6349,16115,3,52.0,15958
6351,15838,0,47.0,13659
6353,15645,1,37.0,20898
6354,15919,0,27.0,20845
6355,15810,0,32.0,20588
6358,19289,0,16.0,20933
6361,15674,0,42.0,16558
6362,15838,0,47.0,10492
6363,15810,0,32.0,19165
6366,15838,0,47.0,11805
6370,15645,0,37.0,16144
6371,15919,0,27.0,14147
6373,16152,4,57.0,25807
6375,16115,0,52.0,12843
6379,12857,6,47.0,13274
6380,15810,0,32.0,11197
6383,15838,0,47.0,17863
6387,15674,0,42.0,24519
6389,15645,0,37.0,18878
6390,16152,0,57.0,19617
6395,15810,0,32.0,17311
6397,15838,2,47.0,20240
6398,15919,0,27.0,15957
6399,16152,3,57.0,13163
6400,16166,0,21.0,14718
6402,15645,0,37.0,21377
6409,16115,0,52.0,10803
6410,16115,0,52.0,21151
6411,15810,1,32.0,15093
6412,16115,0,52.0,17089
6415,15674,4,42.0,23133
6416,15919,0,27.0,16232
6420,15810,1,32.0,16835
6422,16676,1,42.0,17077
6424,15645,0,37.0,18290
6431,16166,1,21.0,14112
6432,15838,0,47.0,15282
6435,15919,1,27.0,16275
6438,15645,2,37.0,20185
6443,15645,0,37.0,20542
6449,16166,0,21.0,18580
6453,16166,0,21.0,24811
6461,15674,0,42.0,14721
6465,15810,0,32.0,12939
6468,15645,0,37.0,11297
6479,16166,0,21.0,15729
6480,15674,0,42.0,17689
6481,19289,1,16.0,19823
6482,16166,3,21.0,17782
6484,12695,3,32.0,12049
6489,15645,3,37.0,18878
6492,15645,0,37.0,18411
6497,15810,1,32.0,15402
6498,15838,1,47.0,12993
6502,15674,3,42.0,16932
6504,16115,0,52.0,20226
6505,15645,0,37.0,17924
6506,16152,1,57.0,16636
6510,15838,0,47.0,15437
6515,16771,0,62.0,17975
6517,16166,0,21.0,18925
6520,15810,0,32.0,25750
6524,15645,0,37.0,24300
6527,15810,0,32.0,16351
6534,15919,0,27.0,15200
6536,15838,1,47.0,17871
6539,15645,0,37.0,18111
6545,16166,0,21.0,18045
6548,15645,0,37.0,14176
6552,16152,0,57.0,18662
6555,16152,0,57.0,23333
6556,15674,0,42.0,11931
6559,15810,0,32.0,25891
6560,15674,0,42.0,10949
6566,15919,0,27.0,18344
6567,16166,0,21.0,16809
6568,16166,0,21.0,14604
6571,15645,4,37.0,13289
6572,15810,6,32.0,11657
6573,18424,0,74.5,20051
6576,19167,1,47.0,16662
6585,15674,0,42.0,18110
6587,15674,3,42.0,15993
6588,16152,0,57.0,13800
6589,16152,0,57.0,10490
6590,15810,0,32.0,19242
6593,16166,0,21.0,24081
6599,16115,0,52.0,19625
6604,15810,0,32.0,18000
6605,15645,0,37.0,15219
6606,15674,0,42.0,15213
6608,16166,0,21.0,18700
6611,16152,9,57.0,12747
6612,15838,1,47.0,13761
6614,16771,1,62.0,13308
6616,15645,1,37.0,16202
6617,15810,3,32.0,15401
6619,18168,1,42.0,16310
6621,16166,0,21.0,17778
6629,15810,0,32.0,15685
6630,15645,0,37.0,20216
6633,15919,0,27.0,15286
6635,15674,1,42.0,22073
6647,16152,1,57.0,19746
6648,15838,3,47.0,16977
6649,16115,2,52.0,13143
6653,16166,0,21.0,13933
6657,16166,0,21.0,20475
6660,15645,0,37.0,14175
6661,16115,0,52.0,17911
6663,15674,3,42.0,15082
6666,15674,2,42.0,15265
6674,15919,0,27.0,12162
6676,15838,1,47.0,21464
6680,16115,0,52.0,15168
6681,16115,0,52.0,15740
6685,16833,3,37.0,21090
6689,15919,0,27.0,17073
6691,15919,0,27.0,18231
6692,15674,1,42.0,14125
6693,15645,0,37.0,12632
6694,16166,0,21.0,18483
6697,15674,4,42.0,17639
6699,15810,0,32.0,18366
6700,15645,3,37.0,12514
6705,19289,0,16.0,15729
6708,16152,0,57.0,22114
6716,15674,0,42.0,14895
6718,15810,0,32.0,11620
6719,16152,0,57.0,18848
6722,15810,0,32.0,20077
6724,15645,1,37.0,15218
6728,16115,0,52.0,15709
6729,16166,0,21.0,16445
6731,15645,0,37.0,14282
6734,15919,1,27.0,12228
6735,15919,0,27.0,15452
6737,17196,0,67.0,17591
6738,15674,1,42.0,14412
6741,12376,5,42.0,12215
6742,15810,0,32.0,21943
6743,16115,0,52.0,17463
6745,15674,0,42.0,21596
6753,15645,4,37.0,14566
6757,15645,0,37.0,14207
6760,15645,0,37.0,18694
6766,15838,0,47.0,15244
6771,15810,0,32.0,14604
6777,15645,0,37.0,14675
6778,15810,3,32.0,20729
6779,15645,3,37.0,19292
6786,15838,0,47.0,19683
6790,13431,5,52.0,16711
6793,15919,0,27.0,12817
6796,15645,1,37.0,15235
6798,16115,3,52.0,16216
6801,16152,0,57.0,21738
6803,15810,0,32.0,15771
6805,15645,0,37.0,17021
6815,15810,0,32.0,15005
6824,16166,0,21.0,16929
6825,15919,0,27.0,18222
6835,15838,0,47.0,15495
6840,17196,5,67.0,14439
6852,15919,0,27.0,14221
6859,15919,1,27.0,17896
6860,15838,0,47.0,26009
6865,16166,0,21.0,17915
6867,15838,0,47.0,13775
6870,15645,1,37.0,15441
6874,15645,0,37.0,12076
6876,16115,0,52.0,13590
6882,16166,2,21.0,14752
6883,15645,0,37.0,19015
6887,14039,4,42.0,13817
6891,15919,0,27.0,16698
6899,19289,0,16.0,19520
6902,15838,0,47.0,16445
6903,16152,0,57.0,23979
6911,15645,12,37.0,18112
6913,15810,3,32.0,19416
6914,15674,0,42.0,17120
6920,15810,0,32.0,14513
6928,16152,3,57.0,15459
6931,16166,0,21.0,14176
6937,15838,2,47.0,12088
6947,16115,0,52.0,13091
6949,15838,0,47.0,18048
6956,15919,0,27.0,11620
6957,18281,2,21.0,10882
6958,15674,0,42.0,12763
6960,16166,0,21.0,12577
6962,16771,2,62.0,26478
6964,15479,2,47.0,15751
6966,16115,0,52.0,12930
6967,15919,0,27.0,15766
6969,15168,3,42.0,13403
6984,15919,0,27.0,18221
6986,15674,1,42.0,11946
6989,15919,0,27.0,22420
6990,15810,1,32.0,22030
6996,15919,1,27.0,12390
7000,15810,1,32.0,23252
7001,15645,1,37.0,13127
7002,15838,1,47.0,17870
7006,15674,1,42.0,20072
7008,15810,0,32.0,16107
7015,15919,0,27.0,15840
7018,16152,1,57.0,19084
7019,15645,1,37.0,24624
7022,15674,0,42.0,20551
7025,15674,0,42.0,22854
7027,15645,0,37.0,15815
7028,13714,25,37.0,13245
7030,15838,1,47.0,14910
7038,16115,1,52.0,19499
7039,15838,0,47.0,13421
7044,15919,2,27.0,14615
7050,15674,0,42.0,16852
7054,15810,0,32.0,14975
7057,16166,0,21.0,13670
7059,18424,0,74.5,21685
7062,15810,0,32.0,13787
7074,15810,1,32.0,15298
7078,15838,1,47.0,20084
7081,15838,0,47.0,15369
7090,15810,0,32.0,16552
7091,16166,0,21.0,14879
7092,16115,2,52.0,17446
7095,15919,0,27.0,15373
7097,16115,0,52.0,12638
7107,16115,0,52.0,17865
7108,15919,0,27.0,18881
7110,15838,0,47.0,19218
7111,15674,0,42.0,11427
7113,16152,0,57.0,12317
7114,15645,0,37.0,12143
7115,15919,0,27.0,22107
7121,15919,0,27.0,18325
7124,15838,1,47.0,17713
7128,15919,3,27.0,17589
7129,15165,18,42.0,18629
7130,15674,0,42.0,14436
7133,15674,0,42.0,19894
7137,17203,1,52.0,16810
7139,15645,1,37.0,13923
7143,15645,0,37.0,18422
7144,15838,0,47.0,19624
7146,16152,0,57.0,14337
7149,15810,2,32.0,12108
7158,15645,0,37.0,22908
7160,15645,0,37.0,17770
7161,15838,3,47.0,12755
7165,15645,2,37.0,24364
7168,15674,0,42.0,15534
7170,15838,1,47.0,22999
7171,15674,0,42.0,13143
7175,16115,0,52.0,16915
7177,15645,0,37.0,24222
7179,15810,0,32.0,12044
7185,15645,0,37.0,19024
7188,15838,0,47.0,10047
7191,16166,0,21.0,20926
7194,15645,0,37.0,16703
7196,16166,0,21.0,16709
7198,15674,1,42.0,11517
7204,23160,1,37.0,18136
7205,15838,0,47.0,15743
7210,16115,0,52.0,15825
7211,15838,0,47.0,14800
7212,16115,1,52.0,17089
7213,15838,2,47.0,11839
7218,15810,1,32.0,18122
7221,16166,0,21.0,16595
7227,15838,0,47.0,18918
7228,15810,0,32.0,18135
7231,16115,1,52.0,24184
7233,15674,0,42.0,17500
7253,15645,0,37.0,20773
7261,16115,0,52.0,12499
7262,16115,0,52.0,14336
7265,16152,1,57.0,15428
7267,16152,2,57.0,19568
7274,15919,0,27.0,12093
7280,15674,5,42.0,18941
7282,15645,1,37.0,17635
7296,16166,0,21.0,16917
7299,15810,1,32.0,19513
7300,15810,1,32.0,14319
7304,15674,2,42.0,19456
7305,15645,0,37.0,14803
7309,15838,2,47.0,9685
7312,16166,0,21.0,17595
7314,15645,0,37.0,15960
7324,16166,0,21.0,20525
7325,15674,0,42.0,22438
7327,16115,0,52.0,23316
7329,16115,0,52.0,17208
7330,15810,0,32.0,17465
7332,15838,0,47.0,19709
7334,15810,0,32.0,12497
7335,15674,0,42.0,23949
7336,15645,0,37.0,12205
7337,15645,2,37.0,15981
7346,16115,0,52.0,15957
7349,15810,0,32.0,16486
7350,15919,0,27.0,14794
7352,19289,0,16.0,20274
7353,15919,0,27.0,20325
7356,16166,0,21.0,17837
7364,15919,0,27.0,20567
7365,15674,1,42.0,17635
7367,15645,0,37.0,13140
7373,13963,13,57.0,15871
7377,15919,0,27.0,13522
7384,15919,0,27.0,15988
7385,16166,0,21.0,19643
7390,15674,1,42.0,16080
7391,15838,0,47.0,21140
7395,17194,1,52.0,22620
7396,15963,3,37.0,15433
7397,14256,1,27.0,13773
7399,15919,0,27.0,18909
7403,16115,1,52.0,15171
7404,15645,0,37.0,11392
7405,15674,0,42.0,16110
7406,15645,3,37.0,16302
7415,17196,0,67.0,16521
7417,15919,0,27.0,16049
7423,16115,3,52.0,15942
7424,19289,1,16.0,16617
7425,23322,1,37.0,21696
7430,15919,0,27.0,16549
7432,16115,2,52.0,16434
7435,16152,0,57.0,19106
7437,17414,8,32.0,14295
7441,15645,0,37.0,20773
7445,16166,1,21.0,16437
7446,19289,0,16.0,19106
7451,15838,2,47.0,18390
7462,15645,1,37.0,13913
7464,15810,0,32.0,20943
7465,14228,6,42.0,15009
7466,12943,1,42.0,13939
7467,15645,1,37.0,24348
7468,15645,4,37.0,13597
7478,18424,2,74.5,21736
7481,15919,3,27.0,19921
7485,16115,0,52.0,17352
7487,15645,0,37.0,18274
7491,15838,0,47.0,11044
7492,16166,0,21.0,18934
7494,16115,0,52.0,13079
7495,21443,2,37.0,17756
7497,15645,0,37.0,18592
7502,15674,0,42.0,22899
7504,15645,0,37.0,14049
7505,15810,0,32.0,19525
7508,15919,0,27.0,16156
7512,16115,0,52.0,19343
7523,17196,4,67.0,21100
7525,15645,1,37.0,16370
7526,15919,0,27.0,12655
7527,15919,0,27.0,17285
7529,15919,0,27.0,16032
7530,15838,3,47.0,12554
7535,15919,0,27.0,21586
7536,15645,0,37.0,18681
7538,16166,3,21.0,14703
7539,15919,0,27.0,20506
7541,15810,0,32.0,15882
7546,16166,0,21.0,20264
7550,15919,0,27.0,14827
7553,16166,0,21.0,15729
7555,15810,2,32.0,12654
7556,15674,1,42.0,15737
7560,15645,1,37.0,13550
7562,15645,0,37.0,15011
7565,15674,0,42.0,16529
7572,15674,1,42.0,14275
7575,15645,0,37.0,14618
7576,15674,0,42.0,16319
7584,15674,0,42.0,13543
7590,15810,1,32.0,12208
7603,16115,0,52.0,19710
7605,15838,0,47.0,16592
7607,15838,0,47.0,19167
7608,15645,0,37.0,18104
7609,15810,1,32.0,18645
7614,15674,0,42.0,17167
7615,15919,0,27.0,16625
7617,15919,0,27.0,16332
7618,16115,0,52.0,18907
7619,15645,7,37.0,13879
7621,15810,0,32.0,16339
7630,16051,17,52.0,17950
7646,17523,4,42.0,17476
7649,15645,0,37.0,16160
7654,15810,1,32.0,20312
7656,15674,1,42.0,12706
7657,15919,0,27.0,14157
7659,16115,0,52.0,12891
7660,15838,0,47.0,22928
7662,16152,0,57.0,17477
7667,15919,0,27.0,15634
7669,15674,2,42.0,19792
7672,15645,4,37.0,15248
7673,15674,5,42.0,13569
7675,15674,0,42.0,14858
7676,15810,0,32.0,16813
7681,16115,0,52.0,14657
7683,15838,0,47.0,17691
7686,16115,0,52.0,19016
7693,16771,0,62.0,14853
7694,17196,2,67.0,14069
7708,15645,0,37.0,18638
7709,15674,0,42.0,13769
7711,12372,4,37.0,11196
7713,15810,0,32.0,17821
7725,16115,0,52.0,16048
7726,15674,0,42.0,19084
7729,15645,15,37.0,11397
7735,15645,1,37.0,19351
7738,16115,2,52.0,20380
7741,16166,0,21.0,16185
7744,16166,0,21.0,12630
7755,15645,0,37.0,13928
7756,16166,0,21.0,18909
7760,17725,2,37.0,16255
7764,15838,0,47.0,12684
7768,15674,1,42.0,17957
7769,15116,3,37.0,14282
7771,15674,0,42.0,15244
7777,15674,0,42.0,22140
7780,16166,0,21.0,14330
7783,15645,0,37.0,19849
7786,15674,3,42.0,19240
7787,15645,0,37.0,25409
7794,15645,0,37.0,13767
7802,15674,0,42.0,15480
7803,15645,0,37.0,15495
7804,15645,0,37.0,20193
7805,15356,7,47.0,13758
7806,15838,0,47.0,22716
7809,16166,1,21.0,19622
7812,16152,0,57.0,15627
7814,15645,0,37.0,14662
7821,16166,0,21.0,13131
7823,15919,0,27.0,17803
7825,15674,2,42.0,18387
7826,15838,1,47.0,15383
7832,14861,6,37.0,16045
7834,15919,0,27.0,20741
7839,15674,0,42.0,16885
7841,16012,2,21.0,14948
7843,15838,2,47.0,16183
7845,15919,0,27.0,13281
7846,15919,1,27.0,10805
7848,16166,7,21.0,13843
7850,15919,0,27.0,16732
7852,15838,0,47.0,20035
7853,16166,0,21.0,16723
7855,15810,0,32.0,20216
7856,15645,0,37.0,19450
7858,15645,2,37.0,19035
7859,16115,0,52.0,15781
7860,15810,0,32.0,15844
7863,16166,0,21.0,22010
7864,15674,0,42.0,14170
7865,15838,0,47.0,12660
7867,16166,1,21.0,14521
7868,15645,0,37.0,18748
7870,15838,0,47.0,18666
7876,15810,0,32.0,19817
7878,17196,0,67.0,21577
7879,14271,9,37.0,13844
7880,15810,0,32.0,15315
7893,15674,2,42.0,13757
7895,15645,1,37.0,11490
7900,15674,0,42.0,21744
7906,15810,1,32.0,11111
7909,21512,1,37.0,19972
7910,15919,1,27.0,17124
7913,14568,3,52.0,14068
7917,15674,4,42.0,12195
7919,16166,0,21.0,12808
7924,16115,0,52.0,18002
7933,15674,1,42.0,19757
7937,15645,0,37.0,19376
7938,15919,1,27.0,17275
7941,15838,0,47.0,21217
7942,15674,0,42.0,20055
7943,15645,0,37.0,16379
7945,15674,0,42.0,19776
7947,15645,2,37.0,15272
7948,15674,2,42.0,10572
7949,15838,0,47.0,12855
7952,15838,0,47.0,17289
7954,11242,1,47.0,11562
7955,15919,0,27.0,22150
7958,15645,0,37.0,13572
7961,15838,6,47.0,21261
7966,15674,0,42.0,21446
7969,15674,0,42.0,20169
7973,15674,0,42.0,17202
7975,16152,0,57.0,10931
7976,16115,5,52.0,12559
7979,15810,0,32.0,17114
7980,13771,2,37.0,13742
7981,15674,0,42.0,15866
7983,16152,0,57.0,14069
7987,15810,0,32.0,12006
7992,15674,1,42.0,25337
7993,15838,0,47.0,20081
7995,15838,1,47.0,22520
8004,15838,2,47.0,12083
8007,15674,3,42.0,16751
8010,16166,0,21.0,14491
8014,18424,1,74.5,24694
8021,15674,1,42.0,18803
8022,15645,0,37.0,18678
8028,15645,0,37.0,16458
8033,16166,0,21.0,15405
8038,16166,0,21.0,17698
8043,15645,1,37.0,19128
8045,15810,0,32.0,14516
8048,15919,0,27.0,16758
8054,22598,1,42.0,22008
8055,15645,0,37.0,18640
8059,15645,0,37.0,12982
8065,15838,0,47.0,15411
8068,16166,0,21.0,14030
8073,16166,0,21.0,14828
8075,15810,0,32.0,16620
8079,15645,0,37.0,14282
8088,15919,0,27.0,19798
8089,15838,3,47.0,16898
8094,19208,2,27.0,19808
8095,16115,0,52.0,15489
8098,16012,3,37.0,15433
8103,15645,0,37.0,13648
8113,15645,0,37.0,12583
8116,15919,0,27.0,20016
8117,15838,0,47.0,18250
8118,15810,0,32.0,20664
8122,15919,0,27.0,19382
8130,15919,0,27.0,12604
8131,15645,2,37.0,22161
8132,18424,1,74.5,18819
8135,15810,0,32.0,16901
8137,15838,0,47.0,20534
8145,15810,1,32.0,17698
8146,15645,2,37.0,21750
8149,15674,2,42.0,15779
8154,15838,1,47.0,13917
8155,16152,0,57.0,22924
8157,15838,2,47.0,10469
8158,14106,7,42.0,13741
8164,20069,1,37.0,16980
8167,16166,8,21.0,11813
8172,15645,0,37.0,11128
8173,15645,0,37.0,19564
8175,16923,14,52.0,16329
8180,15919,0,27.0,14683
8184,16152,0,57.0,17716
8190,16166,3,21.0,12822
8191,16115,2,52.0,15229
8197,16166,2,21.0,25937
8198,15919,0,27.0,12834
8200,16166,0,21.0,22602
8201,15674,1,42.0,16236
8205,15645,7,37.0,11843
8209,16771,0,62.0,15278
8210,15838,0,47.0,13620
8217,15810,1,32.0,12906
8220,15838,0,47.0,16617
8222,16152,0,57.0,18116
8226,15674,0,42.0,14220
8228,15645,0,37.0,17309
8229,16166,0,21.0,18592
8230,15645,0,37.0,13320
8231,15919,0,27.0,20202
8232,15645,0,37.0,20101
8244,15506,1,52.0,18098
8247,15645,0,37.0,18255
8248,15810,0,32.0,25261
8249,16166,0,21.0,25410
8253,15645,1,37.0,13562
8255,15674,1,42.0,23220
8256,15810,7,32.0,8803
8257,15645,2,37.0,12126
8264,15674,0,42.0,20309
8270,15838,0,47.0,18273
8272,15919,0,27.0,15542
8274,15810,1,32.0,12808
8277,16115,12,52.0,14773
8280,15810,0,32.0,11116
8287,15838,0,47.0,14607
8292,16166,0,21.0,19202
8293,16166,0,21.0,14536
8295,15674,0,42.0,19644
8296,15838,0,47.0,21969
8303,16166,1,21.0,19687
8309,16115,2,52.0,16801
8311,15838,0,47.0,17344
8314,15919,0,27.0,23609
8320,15674,0,42.0,18977
8321,15838,0,47.0,23449
8327,15645,0,37.0,12639
8328,15838,0,47.0,22489
8329,12296,3,37.0,11779
8332,15810,0,32.0,18106
8333,16115,0,52.0,16769
8334,16152,0,57.0,17146
8337,15919,0,27.0,17023
8341,15674,0,42.0,16719
8343,15674,0,42.0,13877
8344,15645,0,37.0,16959
8345,15838,0,47.0,17027
8347,15919,0,27.0,17627
8351,16771,0,62.0,20672
8352,15919,0,27.0,12166
8359,15674,0,42.0,14948
8361,15645,0,37.0,15578
8362,15810,0,32.0,14711
8363,16166,0,21.0,20489
8366,14543,7,62.0,17945
8370,15645,1,37.0,10757
8372,15645,0,37.0,16869
8379,16152,0,57.0,18970
8380,15838,0,47.0,17535
8384,16152,3,57.0,14745
8387,15645,0,37.0,14508
8397,15645,1,37.0,22251
8400,15674,4,42.0,17555
8401,15645,0,37.0,22406
8403,14776,4,47.0,17462
8404,16152,3,57.0,13555
8407,16115,0,52.0,22932
8411,15645,2,37.0,17334
8414,15674,1,42.0,18579
8418,15645,0,37.0,17190
8419,15810,0,32.0,14590
8424,15645,0,37.0,26250
8436,15674,7,42.0,13754
8441,15919,0,27.0,19069
8448,16166,0,21.0,18235
8450,16115,2,52.0,16462
8451,16115,0,52.0,21166
8454,15838,1,47.0,17516
8457,16771,0,62.0,24683
8459,15810,0,32.0,22955
8461,16166,0,21.0,14680
8464,15810,0,32.0,24864
8466,16115,0,52.0,15802
8467,15674,0,42.0,21148
8468,15645,0,37.0,19919
8470,15645,0,37.0,17998
8472,15919,1,27.0,19412
8475,15919,0,27.0,20078
8476,15919,0,27.0,23610
8481,19289,1,16.0,18547
8483,15838,2,47.0,19695
8484,15645,5,37.0,14703
8485,16166,0,21.0,16645
8491,14521,4,42.0,15487
8494,15810,0,32.0,19354
8500,15919,0,27.0,17339
8507,15645,1,37.0,13600
8513,15674,1,42.0,20025
8514,16152,0,57.0,24995
8515,15810,0,32.0,18112
8517,15674,0,42.0,11319
8518,16115,1,52.0,14746
8519,15810,2,32.0,15462
8524,15838,0,47.0,17674
8525,15919,0,27.0,23631
8527,15674,1,42.0,15144
8529,16166,0,21.0,16390
8535,14601,12,42.0,17487
8536,15838,0,47.0,16196
8539,15810,1,32.0,17717
8540,16115,0,52.0,16239
8541,15838,0,47.0,15426
8544,15645,1,37.0,17130
8547,15810,0,32.0,15415
8548,15919,0,27.0,17703
8553,15838,0,47.0,20501
8562,15645,1,37.0,13622
8566,16152,0,57.0,14619
8567,15919,0,27.0,17204
8568,15810,2,32.0,14199
8575,15674,0,42.0,18044
8576,15674,0,42.0,18325
8581,15674,1,42.0,18539
8587,15758,3,37.0,17792
8588,15674,0,42.0,19758
8591,16115,0,52.0,15322
8592,15838,1,47.0,20134
8596,15919,0,27.0,22195
8604,16115,0,52.0,20248
8610,15810,0,32.0,20269
8611,15810,0,32.0,19612
8613,16771,1,62.0,12391
8623,16115,0,52.0,21768
8626,16152,1,57.0,16822
8627,12481,14,57.0,13252
8631,15645,0,37.0,16677
8635,15810,0,32.0,22923
8639,15810,0,32.0,19014
8641,15919,1,27.0,19320
8643,16152,1,57.0,20908
8646,16642,2,27.0,18645
8656,15645,1,37.0,14399
8662,15810,0,32.0,15118
8668,15838,0,47.0,16874
8670,15674,0,42.0,14092
8675,15838,4,47.0,15145
8677,15674,0,42.0,15578
8678,16166,0,21.0,19216
8679,16115,1,52.0,12483
8681,15674,0,42.0,10788
8683,16771,0,62.0,19467
8684,16166,1,21.0,12103
8688,15838,4,47.0,16986
8689,16096,3,52.0,17073
8690,15674,1,42.0,17650
8698,15838,2,47.0,20188
8702,15919,1,27.0,14824
8703,15919,2,27.0,14037
